FlightID,RouteCode,Origin,Destination,FlightDate,FlightDurationMins,AircraftType,SeatsAvailable,SeatsSold,Revenue,OperationalCost,FlightType,OriginLat,OriginLong,DestinationLat,DestinationLong
1,HYD-AMD,Hyderabad,Ahmedabad,2023-09-23,102,B787,241,222,414734,10457,Domestic,17.24,78.43,23.08,72.63
2,GOI-AMD,Goa,Ahmedabad,2023-03-20,92,A321,216,95,189802,14242,Domestic,15.38,73.83,23.08,72.63
3,GOI-MAA,Goa,Chennai,2023-11-11,217,A320,181,152,439040,20545,Domestic,15.38,73.83,12.99,80.17
4,DEL-JAI,Delhi,Jaipur,2024-10-23,165,ATR72,72,45,104089,17700,Domestic,28.56,77.10,26.82,75.81
5,BLR-PNQ,Bengaluru,Pune,2024-07-13,62,A321,217,175,411720,12148,Domestic,13.20,77.71,18.58,73.92
6,JAI-CCU,Jaipur,Kolkata,2023-09-05,219,B787,244,172,528940,20969,Domestic,26.82,75.81,22.65,88.45
7,CCU-KUL,Kolkata,Kuala Lumpur,2024-09-01,761,A321,224,147,3014390,122006,International,22.65,88.45,2.75,101.71
8,BLR-BOM,Bengaluru,Mumbai,2024-02-18,51,A320,181,117,195951,11537,Domestic,13.20,77.71,19.09,72.87
9,GOI-KUL,Goa,Kuala Lumpur,2023-01-25,885,B737,194,93,1876161,132664,International,15.38,73.83,2.75,101.71
10,BLR-BOM,Bengaluru,Mumbai,2023-10-11,52,B737,188,164,263365,12161,Domestic,13.20,77.71,19.09,72.87
11,DEL-MAA,Delhi,Chennai,2024-03-24,145,B787,241,239,593017,15402,Domestic,28.56,77.10,12.99,80.17
12,PNQ-HYD,Pune,Hyderabad,2023-10-28,81,B787,237,236,485550,12063,Domestic,18.58,73.92,17.24,78.43
13,CCU-MAA,Kolkata,Chennai,2023-03-09,150,B737,188,138,342254,18978,Domestic,22.65,88.45,12.99,80.17
14,DEL-GOI,Delhi,Goa,2023-01-07,192,B787,243,166,473043,17569,Domestic,28.56,77.10,15.38,73.83
15,BLR-DXB,Bengaluru,Dubai,2023-05-17,265,A321,219,186,1980813,59610,International,13.20,77.71,25.25,55.37
16,PNQ-KUL,Pune,Kuala Lumpur,2023-06-13,772,ATR72,73,57,1092760,119331,International,18.58,73.92,2.75,101.71
17,AMD-MAA,Ahmedabad,Chennai,2023-03-24,208,ATR72,71,66,176342,20069,Domestic,23.08,72.63,12.99,80.17
18,JAI-BOM,Jaipur,Mumbai,2024-10-11,123,A321,223,97,245341,13271,Domestic,26.82,75.81,19.09,72.87
19,BOM-BLR,Mumbai,Bengaluru,2024-02-24,192,ATR72,69,37,106062,21759,Domestic,19.09,72.87,13.20,77.71
20,DEL-BLR,Delhi,Bengaluru,2023-03-14,121,A320,184,81,172416,12232,Domestic,28.56,77.10,13.20,77.71
21,MAA-AMD,Chennai,Ahmedabad,2023-08-25,203,A321,217,170,608851,19608,Domestic,12.99,80.17,23.08,72.63
22,JAI-DEL,Jaipur,Delhi,2023-02-15,76,B787,236,209,431133,14137,Domestic,26.82,75.81,28.56,77.10
23,HYD-SFO,Hyderabad,San Francisco,2024-09-09,263,A321,221,194,1814435,62562,International,17.24,78.43,37.62,-122.38
24,HYD-AMD,Hyderabad,Ahmedabad,2023-09-19,48,B737,190,101,192080,9988,Domestic,17.24,78.43,23.08,72.63
25,GOI-AMD,Goa,Ahmedabad,2023-06-25,136,B787,235,140,320337,17561,Domestic,15.38,73.83,23.08,72.63
26,GOI-DEL,Goa,Delhi,2023-06-15,150,B737,191,79,179414,18053,Domestic,15.38,73.83,28.56,77.10
27,AMD-JAI,Ahmedabad,Jaipur,2024-10-18,94,B787,245,172,441089,8711,Domestic,23.08,72.63,26.82,75.81
28,CCU-BOM,Kolkata,Mumbai,2024-01-05,71,ATR72,63,26,59485,13567,Domestic,22.65,88.45,19.09,72.87
29,CCU-JAI,Kolkata,Jaipur,2023-02-23,74,A321,218,114,264109,15248,Domestic,22.65,88.45,26.82,75.81
30,JAI-CCU,Jaipur,Kolkata,2024-11-20,86,A320,182,168,386011,9684,Domestic,26.82,75.81,22.65,88.45
31,MAA-DOH,Chennai,Doha,2024-02-23,422,B787,239,116,1323317,110289,International,12.99,80.17,25.27,51.61
32,PNQ-DXB,Pune,Dubai,2024-05-21,281,B787,244,185,2301732,65263,International,18.58,73.92,25.25,55.37
33,MAA-DEL,Chennai,Delhi,2023-12-07,134,B737,192,85,182031,14509,Domestic,12.99,80.17,28.56,77.10
34,GOI-SFO,Goa,San Francisco,2023-05-07,158,ATR72,64,25,218104,52803,International,15.38,73.83,37.62,-122.38
35,AMD-GOI,Ahmedabad,Goa,2024-02-13,199,B737,185,104,360866,29134,Domestic,23.08,72.63,15.38,73.83
36,DEL-CCU,Delhi,Kolkata,2024-01-02,200,B737,187,176,545660,17977,Domestic,28.56,77.10,22.65,88.45
37,AMD-HYD,Ahmedabad,Hyderabad,2023-09-28,145,ATR72,64,48,119557,16497,Domestic,23.08,72.63,17.24,78.43
38,BLR-AMD,Bengaluru,Ahmedabad,2024-10-05,194,A320,182,141,467292,19239,Domestic,13.20,77.71,23.08,72.63
39,AMD-MAA,Ahmedabad,Chennai,2024-08-27,171,B737,187,129,413213,15538,Domestic,23.08,72.63,12.99,80.17
40,BLR-SFO,Bengaluru,San Francisco,2024-01-14,649,B737,189,141,2285348,148881,International,13.20,77.71,37.62,-122.38
41,DEL-PNQ,Delhi,Pune,2023-03-14,193,B787,242,235,664845,20798,Domestic,28.56,77.10,18.58,73.92
42,MAA-HYD,Chennai,Hyderabad,2023-09-05,105,ATR72,69,58,152735,12722,Domestic,12.99,80.17,17.24,78.43
43,BOM-MAA,Mumbai,Chennai,2023-02-12,88,A321,216,90,166894,8771,Domestic,19.09,72.87,12.99,80.17
44,BOM-DXB,Mumbai,Dubai,2024-01-12,887,A320,185,151,2909364,159540,International,19.09,72.87,25.25,55.37
45,GOI-HYD,Goa,Hyderabad,2023-02-10,127,A320,180,133,340022,11285,Domestic,15.38,73.83,17.24,78.43
46,AMD-DXB,Ahmedabad,Dubai,2023-06-19,843,ATR72,65,30,659593,127485,International,23.08,72.63,25.25,55.37
47,DEL-JAI,Delhi,Jaipur,2023-07-31,139,B787,240,164,409301,18718,Domestic,28.56,77.10,26.82,75.81
48,MAA-HYD,Chennai,Hyderabad,2024-05-07,173,B787,238,181,434524,18704,Domestic,12.99,80.17,17.24,78.43
49,JAI-MAA,Jaipur,Chennai,2024-11-10,132,ATR72,73,57,121661,13175,Domestic,26.82,75.81,12.99,80.17
50,MAA-SFO,Chennai,San Francisco,2023-02-08,677,B787,237,220,3796450,114518,International,12.99,80.17,37.62,-122.38
51,HYD-KUL,Hyderabad,Kuala Lumpur,2024-01-04,825,A320,178,140,3121130,130231,International,17.24,78.43,2.75,101.71
52,BLR-BOM,Bengaluru,Mumbai,2023-05-31,175,A320,177,138,412765,20121,Domestic,13.20,77.71,19.09,72.87
53,BLR-SFO,Bengaluru,San Francisco,2023-04-21,395,A321,223,92,1151641,81354,International,13.20,77.71,37.62,-122.38
54,AMD-DOH,Ahmedabad,Doha,2024-04-24,804,ATR72,73,41,924330,125992,International,23.08,72.63,25.27,51.61
55,GOI-BLR,Goa,Bengaluru,2024-03-11,96,B737,188,183,473143,11058,Domestic,15.38,73.83,13.20,77.71
56,DEL-BLR,Delhi,Bengaluru,2023-02-16,86,B737,193,188,375517,12290,Domestic,28.56,77.10,13.20,77.71
57,GOI-BOM,Goa,Mumbai,2024-07-28,200,A321,223,108,355142,16799,Domestic,15.38,73.83,19.09,72.87
58,AMD-BLR,Ahmedabad,Bengaluru,2024-01-01,56,A321,221,98,201424,11306,Domestic,23.08,72.63,13.20,77.71
59,GOI-JAI,Goa,Jaipur,2023-03-10,142,B787,245,116,328930,12041,Domestic,15.38,73.83,26.82,75.81
60,HYD-LHR,Hyderabad,London,2023-10-26,488,A321,224,153,2689188,88983,International,17.24,78.43,51.47,-0.45
61,PNQ-GOI,Pune,Goa,2023-10-23,162,A321,222,94,277643,15488,Domestic,18.58,73.92,15.38,73.83
62,PNQ-CCU,Pune,Kolkata,2023-07-22,184,B737,193,178,540964,16834,Domestic,18.58,73.92,22.65,88.45
63,CCU-AMD,Kolkata,Ahmedabad,2023-03-02,90,B787,239,182,472582,9792,Domestic,22.65,88.45,23.08,72.63
64,PNQ-MAA,Pune,Chennai,2023-11-10,162,A321,220,203,607469,13198,Domestic,18.58,73.92,12.99,80.17
65,JAI-CCU,Jaipur,Kolkata,2023-06-10,51,A321,224,99,179071,12670,Domestic,26.82,75.81,22.65,88.45
66,GOI-SFO,Goa,San Francisco,2023-11-27,617,B787,245,208,3384005,121332,International,15.38,73.83,37.62,-122.38
67,AMD-GOI,Ahmedabad,Goa,2024-06-11,208,ATR72,65,55,173971,17410,Domestic,23.08,72.63,15.38,73.83
68,DEL-BLR,Delhi,Bengaluru,2023-12-04,202,B787,238,187,669549,18817,Domestic,28.56,77.10,13.20,77.71
69,JAI-SIN,Jaipur,Singapore,2024-08-28,477,B737,193,123,1871708,90653,International,26.82,75.81,1.36,103.99
70,DEL-GOI,Delhi,Goa,2023-10-31,210,ATR72,69,51,190756,21945,Domestic,28.56,77.10,15.38,73.83
71,MAA-PNQ,Chennai,Pune,2024-05-17,213,A320,184,82,237765,20265,Domestic,12.99,80.17,18.58,73.92
72,DEL-AMD,Delhi,Ahmedabad,2024-10-11,96,B787,235,94,184414,10011,Domestic,28.56,77.10,23.08,72.63
73,PNQ-DOH,Pune,Doha,2023-12-04,763,B737,194,194,3236426,151426,International,18.58,73.92,25.27,51.61
74,AMD-KUL,Ahmedabad,Kuala Lumpur,2024-07-03,308,ATR72,65,33,345517,67010,International,23.08,72.63,2.75,101.71
75,BOM-HYD,Mumbai,Hyderabad,2024-09-30,167,B787,245,124,364713,16822,Domestic,19.09,72.87,17.24,78.43
76,BLR-JAI,Bengaluru,Jaipur,2023-10-02,201,A321,217,132,470963,17152,Domestic,13.20,77.71,26.82,75.81
77,AMD-LHR,Ahmedabad,London,2023-06-13,648,B787,241,143,2382463,110966,International,23.08,72.63,51.47,-0.45
78,DEL-PNQ,Delhi,Pune,2024-03-18,74,A320,180,146,341034,14111,Domestic,28.56,77.10,18.58,73.92
79,HYD-SFO,Hyderabad,San Francisco,2023-11-15,649,B787,244,97,1620650,105761,International,17.24,78.43,37.62,-122.38
80,BOM-MAA,Mumbai,Chennai,2024-08-11,178,ATR72,68,34,111412,12918,Domestic,19.09,72.87,12.99,80.17
81,GOI-AMD,Goa,Ahmedabad,2024-05-18,139,ATR72,67,55,153558,13030,Domestic,15.38,73.83,23.08,72.63
82,BOM-DXB,Mumbai,Dubai,2024-11-16,643,B787,240,189,2730226,104064,International,19.09,72.87,25.25,55.37
83,CCU-DOH,Kolkata,Doha,2024-01-22,878,ATR72,63,39,918685,136966,International,22.65,88.45,25.27,51.61
84,MAA-KUL,Chennai,Kuala Lumpur,2024-08-25,393,A321,217,193,2033598,79681,International,12.99,80.17,2.75,101.71
85,MAA-SFO,Chennai,San Francisco,2024-11-21,841,B787,238,207,4523148,133023,International,12.99,80.17,37.62,-122.38
86,AMD-MAA,Ahmedabad,Chennai,2024-05-08,216,A321,220,112,353638,17956,Domestic,23.08,72.63,12.99,80.17
87,CCU-KUL,Kolkata,Kuala Lumpur,2024-05-04,263,A321,221,206,2095244,58513,International,22.65,88.45,2.75,101.71
88,GOI-CCU,Goa,Kolkata,2024-12-21,204,B737,188,161,562289,17324,Domestic,15.38,73.83,22.65,88.45
89,CCU-BLR,Kolkata,Bengaluru,2023-03-14,118,B787,245,136,315606,12370,Domestic,22.65,88.45,13.20,77.71
90,DEL-BLR,Delhi,Bengaluru,2024-05-23,54,ATR72,65,31,57139,10065,Domestic,28.56,77.10,13.20,77.71
91,CCU-LHR,Kolkata,London,2024-01-25,266,A321,217,93,1089959,58259,International,22.65,88.45,51.47,-0.45
92,AMD-HYD,Ahmedabad,Hyderabad,2024-09-10,223,B737,188,141,383614,18237,Domestic,23.08,72.63,17.24,78.43
93,MAA-HYD,Chennai,Hyderabad,2023-10-22,53,B787,239,165,266413,8287,Domestic,12.99,80.17,17.24,78.43
94,HYD-GOI,Hyderabad,Goa,2024-01-04,66,B787,242,208,446386,13444,Domestic,17.24,78.43,15.38,73.83
95,PNQ-DEL,Pune,Delhi,2024-11-24,154,A320,182,127,340242,12005,Domestic,18.58,73.92,28.56,77.10
96,BOM-DOH,Mumbai,Doha,2024-07-02,584,A320,184,182,3058299,103160,International,19.09,72.87,25.27,51.61
97,CCU-JAI,Kolkata,Jaipur,2024-10-10,67,A321,225,223,487501,12130,Domestic,22.65,88.45,26.82,75.81
98,MAA-HYD,Chennai,Hyderabad,2024-07-21,87,A320,176,128,225341,16682,Domestic,12.99,80.17,17.24,78.43
99,JAI-DXB,Jaipur,Dubai,2023-07-06,791,A321,223,156,2828395,175195,International,26.82,75.81,25.25,55.37
100,BOM-AMD,Mumbai,Ahmedabad,2024-03-20,50,ATR72,70,66,120040,9840,Domestic,19.09,72.87,23.08,72.63
101,BOM-JAI,Mumbai,Jaipur,2024-07-23,192,A321,220,169,574143,14689,Domestic,19.09,72.87,26.82,75.81
102,MAA-AMD,Chennai,Ahmedabad,2023-12-29,89,A320,176,116,299949,8944,Domestic,12.99,80.17,23.08,72.63
103,AMD-DXB,Ahmedabad,Dubai,2023-05-03,230,ATR72,71,38,414960,54598,International,23.08,72.63,25.25,55.37
104,BLR-AMD,Bengaluru,Ahmedabad,2023-07-07,58,A320,180,116,202732,9180,Domestic,13.20,77.71,23.08,72.63
105,DEL-CCU,Delhi,Kolkata,2024-11-10,215,A321,221,106,318682,19284,Domestic,28.56,77.10,22.65,88.45
106,DEL-DOH,Delhi,Doha,2024-02-24,818,B737,184,91,1960775,128947,International,28.56,77.10,25.27,51.61
107,AMD-CCU,Ahmedabad,Kolkata,2024-09-17,221,B787,239,193,539896,20652,Domestic,23.08,72.63,22.65,88.45
108,GOI-BLR,Goa,Bengaluru,2023-09-09,82,A320,181,125,221979,14783,Domestic,15.38,73.83,13.20,77.71
109,DEL-HYD,Delhi,Hyderabad,2024-09-10,232,A321,222,172,562005,19780,Domestic,28.56,77.10,17.24,78.43
110,DEL-JAI,Delhi,Jaipur,2024-07-02,109,ATR72,68,49,107061,12864,Domestic,28.56,77.10,26.82,75.81
111,AMD-SFO,Ahmedabad,San Francisco,2023-12-01,471,A320,185,91,1351898,85816,International,23.08,72.63,37.62,-122.38
112,PNQ-BOM,Pune,Mumbai,2023-04-02,147,A320,181,162,445700,22832,Domestic,18.58,73.92,19.09,72.87
113,GOI-HYD,Goa,Hyderabad,2024-06-13,223,B787,244,231,843632,17537,Domestic,15.38,73.83,17.24,78.43
114,HYD-BLR,Hyderabad,Bengaluru,2023-03-04,135,A321,223,197,490451,13330,Domestic,17.24,78.43,13.20,77.71
115,CCU-AMD,Kolkata,Ahmedabad,2024-10-23,156,B737,184,159,405001,15629,Domestic,22.65,88.45,23.08,72.63
116,CCU-MAA,Kolkata,Chennai,2024-05-26,189,ATR72,71,29,79947,14971,Domestic,22.65,88.45,12.99,80.17
117,JAI-PNQ,Jaipur,Pune,2023-05-19,119,A321,223,126,258445,11048,Domestic,26.82,75.81,18.58,73.92
118,BOM-MAA,Mumbai,Chennai,2024-11-28,212,ATR72,65,60,158079,20250,Domestic,19.09,72.87,12.99,80.17
119,BOM-DEL,Mumbai,Delhi,2023-07-04,160,A320,182,180,451083,14048,Domestic,19.09,72.87,28.56,77.10
120,MAA-AMD,Chennai,Ahmedabad,2023-07-24,217,B787,235,219,730544,19290,Domestic,12.99,80.17,23.08,72.63
121,BOM-PNQ,Mumbai,Pune,2023-08-02,191,B787,241,120,399675,19168,Domestic,19.09,72.87,18.58,73.92
122,HYD-JAI,Hyderabad,Jaipur,2023-09-13,86,B737,186,170,337560,16215,Domestic,17.24,78.43,26.82,75.81
123,JAI-HYD,Jaipur,Hyderabad,2023-05-15,190,B787,236,182,561761,21313,Domestic,26.82,75.81,17.24,78.43
124,JAI-BLR,Jaipur,Bengaluru,2024-07-26,114,A320,183,120,252082,16130,Domestic,26.82,75.81,13.20,77.71
125,JAI-GOI,Jaipur,Goa,2023-03-29,74,B737,192,191,412194,10347,Domestic,26.82,75.81,15.38,73.83
126,JAI-LHR,Jaipur,London,2023-07-26,448,A321,218,95,1224773,86057,International,26.82,75.81,51.47,-0.45
127,DEL-JAI,Delhi,Jaipur,2023-05-09,60,B787,237,214,489171,13390,Domestic,28.56,77.10,26.82,75.81
128,BLR-DOH,Bengaluru,Doha,2023-01-03,198,B737,185,184,1766726,69118,International,13.20,77.71,25.27,51.61
129,PNQ-JAI,Pune,Jaipur,2023-05-01,233,A320,183,80,284028,19936,Domestic,18.58,73.92,26.82,75.81
130,DEL-AMD,Delhi,Ahmedabad,2024-01-20,53,ATR72,67,36,61524,11895,Domestic,28.56,77.10,23.08,72.63
131,BOM-DEL,Mumbai,Delhi,2024-09-05,185,ATR72,67,35,121477,13322,Domestic,19.09,72.87,28.56,77.10
132,PNQ-MAA,Pune,Chennai,2023-02-07,174,A320,180,127,430706,14338,Domestic,18.58,73.92,12.99,80.17
133,JAI-BLR,Jaipur,Bengaluru,2023-12-07,129,A320,181,100,233286,10628,Domestic,26.82,75.81,13.20,77.71
134,CCU-KUL,Kolkata,Kuala Lumpur,2024-10-06,854,ATR72,71,58,1519166,151588,International,22.65,88.45,2.75,101.71
135,JAI-DEL,Jaipur,Delhi,2024-12-14,197,B737,193,179,579680,17296,Domestic,26.82,75.81,28.56,77.10
136,DEL-SIN,Delhi,Singapore,2023-01-21,817,ATR72,65,43,809921,131035,International,28.56,77.10,1.36,103.99
137,GOI-PNQ,Goa,Pune,2023-08-30,103,A320,177,131,338954,11413,Domestic,15.38,73.83,18.58,73.92
138,CCU-KUL,Kolkata,Kuala Lumpur,2024-03-30,134,B787,243,131,1145371,49168,International,22.65,88.45,2.75,101.71
139,MAA-PNQ,Chennai,Pune,2024-09-12,144,A321,221,117,290331,12367,Domestic,12.99,80.17,18.58,73.92
140,PNQ-CCU,Pune,Kolkata,2023-10-30,223,B787,242,175,645692,16727,Domestic,18.58,73.92,22.65,88.45
141,HYD-PNQ,Hyderabad,Pune,2024-08-18,217,B787,241,105,375749,18842,Domestic,17.24,78.43,18.58,73.92
142,DEL-JAI,Delhi,Jaipur,2024-08-17,190,A320,181,77,249519,25417,Domestic,28.56,77.10,26.82,75.81
143,PNQ-BLR,Pune,Bengaluru,2023-03-10,119,ATR72,72,61,123467,15144,Domestic,18.58,73.92,13.20,77.71
144,HYD-BOM,Hyderabad,Mumbai,2023-05-09,122,B737,186,163,336472,14761,Domestic,17.24,78.43,19.09,72.87
145,DEL-AMD,Delhi,Ahmedabad,2023-07-15,103,B787,242,115,244750,12947,Domestic,28.56,77.10,23.08,72.63
146,CCU-LHR,Kolkata,London,2023-05-20,740,ATR72,63,53,1150972,116135,International,22.65,88.45,51.47,-0.45
147,CCU-BLR,Kolkata,Bengaluru,2024-03-19,79,B737,194,79,146118,8565,Domestic,22.65,88.45,13.20,77.71
148,AMD-DEL,Ahmedabad,Delhi,2023-10-10,45,B787,245,184,296828,11188,Domestic,23.08,72.63,28.56,77.10
149,CCU-HYD,Kolkata,Hyderabad,2023-11-08,205,B737,185,136,464685,20370,Domestic,22.65,88.45,17.24,78.43
150,JAI-PNQ,Jaipur,Pune,2024-06-18,220,ATR72,67,57,217966,20806,Domestic,26.82,75.81,18.58,73.92
151,AMD-LHR,Ahmedabad,London,2024-10-26,235,A321,215,209,2210058,61006,International,23.08,72.63,51.47,-0.45
152,DEL-SFO,Delhi,San Francisco,2023-10-04,621,ATR72,64,39,562775,107714,International,28.56,77.10,37.62,-122.38
153,PNQ-SFO,Pune,San Francisco,2023-03-02,366,A320,182,150,1662306,76622,International,18.58,73.92,37.62,-122.38
154,PNQ-DOH,Pune,Doha,2023-11-15,607,B737,187,186,2832914,99385,International,18.58,73.92,25.27,51.61
155,CCU-BOM,Kolkata,Mumbai,2023-02-21,122,A321,223,181,451838,12649,Domestic,22.65,88.45,19.09,72.87
156,BLR-SIN,Bengaluru,Singapore,2023-06-02,823,B737,192,113,2001219,132274,International,13.20,77.71,1.36,103.99
157,MAA-JAI,Chennai,Jaipur,2023-11-07,145,B737,192,131,352650,15685,Domestic,12.99,80.17,26.82,75.81
158,GOI-HYD,Goa,Hyderabad,2024-06-27,66,B787,237,109,252285,10499,Domestic,15.38,73.83,17.24,78.43
159,CCU-GOI,Kolkata,Goa,2024-07-20,61,A320,184,74,172463,13104,Domestic,22.65,88.45,15.38,73.83
160,BLR-BOM,Bengaluru,Mumbai,2024-01-24,178,B737,184,175,582448,20136,Domestic,13.20,77.71,19.09,72.87
161,MAA-AMD,Chennai,Ahmedabad,2024-07-01,60,ATR72,65,62,108237,13852,Domestic,12.99,80.17,23.08,72.63
162,PNQ-DXB,Pune,Dubai,2024-09-13,384,ATR72,73,64,815733,79973,International,18.58,73.92,25.25,55.37
163,HYD-PNQ,Hyderabad,Pune,2023-06-26,227,B787,240,205,782071,17724,Domestic,17.24,78.43,18.58,73.92
164,CCU-GOI,Kolkata,Goa,2023-12-28,141,A320,175,157,380859,13222,Domestic,22.65,88.45,15.38,73.83
165,PNQ-AMD,Pune,Ahmedabad,2023-11-10,215,A320,185,105,366635,16903,Domestic,18.58,73.92,23.08,72.63
166,AMD-GOI,Ahmedabad,Goa,2023-04-07,232,ATR72,68,42,125877,21601,Domestic,23.08,72.63,15.38,73.83
167,JAI-BLR,Jaipur,Bengaluru,2023-08-01,100,A321,215,98,187637,11741,Domestic,26.82,75.81,13.20,77.71
168,BOM-SIN,Mumbai,Singapore,2023-05-17,348,B787,245,136,1831553,72832,International,19.09,72.87,1.36,103.99
169,JAI-DEL,Jaipur,Delhi,2023-01-06,195,B787,240,125,425041,19565,Domestic,26.82,75.81,28.56,77.10
170,BLR-AMD,Bengaluru,Ahmedabad,2023-04-19,190,ATR72,72,34,113135,18065,Domestic,13.20,77.71,23.08,72.63
171,PNQ-MAA,Pune,Chennai,2024-06-30,112,ATR72,63,53,137470,11469,Domestic,18.58,73.92,12.99,80.17
172,AMD-BLR,Ahmedabad,Bengaluru,2023-02-08,219,A321,224,216,815983,24419,Domestic,23.08,72.63,13.20,77.71
173,HYD-MAA,Hyderabad,Chennai,2024-10-23,157,A321,222,215,490193,11932,Domestic,17.24,78.43,12.99,80.17
174,CCU-DEL,Kolkata,Delhi,2024-02-29,229,A320,181,131,422069,21879,Domestic,22.65,88.45,28.56,77.10
175,HYD-DEL,Hyderabad,Delhi,2024-09-21,170,B787,237,135,325374,18162,Domestic,17.24,78.43,28.56,77.10
176,CCU-MAA,Kolkata,Chennai,2023-09-18,190,B787,241,217,602405,17993,Domestic,22.65,88.45,12.99,80.17
177,BLR-GOI,Bengaluru,Goa,2024-03-01,154,ATR72,70,49,145537,13610,Domestic,13.20,77.71,15.38,73.83
178,HYD-CCU,Hyderabad,Kolkata,2023-03-28,216,A320,176,104,370745,21840,Domestic,17.24,78.43,22.65,88.45
179,HYD-SIN,Hyderabad,Singapore,2024-04-09,596,B787,240,160,3200395,103882,International,17.24,78.43,1.36,103.99
180,JAI-DEL,Jaipur,Delhi,2023-03-17,60,A320,185,134,263500,13681,Domestic,26.82,75.81,28.56,77.10
181,GOI-LHR,Goa,London,2024-04-15,184,A320,178,144,1251152,55520,International,15.38,73.83,51.47,-0.45
182,PNQ-DXB,Pune,Dubai,2024-02-18,654,ATR72,69,33,597525,111809,International,18.58,73.92,25.25,55.37
183,AMD-BLR,Ahmedabad,Bengaluru,2024-12-26,122,A320,181,167,445123,11133,Domestic,23.08,72.63,13.20,77.71
184,HYD-BOM,Hyderabad,Mumbai,2024-04-01,125,A321,219,156,414137,13170,Domestic,17.24,78.43,19.09,72.87
185,HYD-DOH,Hyderabad,Doha,2023-10-12,557,A321,219,144,1940623,93741,International,17.24,78.43,25.27,51.61
186,MAA-SFO,Chennai,San Francisco,2023-08-27,398,B737,190,101,1157067,77678,International,12.99,80.17,37.62,-122.38
187,BLR-AMD,Bengaluru,Ahmedabad,2024-11-07,70,ATR72,63,39,86754,8066,Domestic,13.20,77.71,23.08,72.63
188,PNQ-BLR,Pune,Bengaluru,2024-08-21,229,B737,188,135,450483,21459,Domestic,18.58,73.92,13.20,77.71
189,JAI-DXB,Jaipur,Dubai,2024-10-14,718,A321,220,206,3952652,115385,International,26.82,75.81,25.25,55.37
190,BOM-PNQ,Mumbai,Pune,2024-11-02,111,B737,190,104,213187,15862,Domestic,19.09,72.87,18.58,73.92
191,GOI-SIN,Goa,Singapore,2024-07-11,702,ATR72,65,57,1170609,136074,International,15.38,73.83,1.36,103.99
192,DEL-DXB,Delhi,Dubai,2024-01-07,389,ATR72,66,57,852679,75761,International,28.56,77.10,25.25,55.37
193,HYD-SIN,Hyderabad,Singapore,2024-05-09,345,A320,178,91,1031840,74776,International,17.24,78.43,1.36,103.99
194,HYD-BOM,Hyderabad,Mumbai,2024-09-15,159,B787,244,147,430758,16101,Domestic,17.24,78.43,19.09,72.87
195,HYD-AMD,Hyderabad,Ahmedabad,2023-02-14,76,A320,185,101,187707,11365,Domestic,17.24,78.43,23.08,72.63
196,BLR-SFO,Bengaluru,San Francisco,2024-02-05,561,ATR72,64,60,979932,95380,International,13.20,77.71,37.62,-122.38
197,AMD-SIN,Ahmedabad,Singapore,2023-09-04,334,A321,220,161,2049939,68303,International,23.08,72.63,1.36,103.99
198,BOM-SIN,Mumbai,Singapore,2024-09-07,285,A321,223,176,1617415,67487,International,19.09,72.87,1.36,103.99
199,CCU-DOH,Kolkata,Doha,2024-08-19,847,A320,179,127,2235843,128528,International,22.65,88.45,25.27,51.61
200,GOI-PNQ,Goa,Pune,2024-03-25,181,ATR72,66,42,104574,20011,Domestic,15.38,73.83,18.58,73.92
201,CCU-MAA,Kolkata,Chennai,2024-04-29,212,A321,224,173,563231,19390,Domestic,22.65,88.45,12.99,80.17
202,DEL-SFO,Delhi,San Francisco,2024-10-07,705,ATR72,63,42,875639,114395,International,28.56,77.10,37.62,-122.38
203,BLR-CCU,Bengaluru,Kolkata,2024-09-11,126,A321,215,158,458118,10456,Domestic,13.20,77.71,22.65,88.45
204,HYD-AMD,Hyderabad,Ahmedabad,2023-01-18,126,ATR72,73,48,124386,14954,Domestic,17.24,78.43,23.08,72.63
205,CCU-HYD,Kolkata,Hyderabad,2024-08-28,53,B737,194,91,155235,8944,Domestic,22.65,88.45,17.24,78.43
206,HYD-PNQ,Hyderabad,Pune,2024-10-23,224,ATR72,72,52,184290,23053,Domestic,17.24,78.43,18.58,73.92
207,AMD-HYD,Ahmedabad,Hyderabad,2023-10-16,126,ATR72,67,28,66056,13157,Domestic,23.08,72.63,17.24,78.43
208,AMD-SIN,Ahmedabad,Singapore,2024-02-18,707,A320,175,125,2241149,116834,International,23.08,72.63,1.36,103.99
209,GOI-AMD,Goa,Ahmedabad,2024-12-21,198,B737,186,145,499756,17601,Domestic,15.38,73.83,23.08,72.63
210,CCU-BLR,Kolkata,Bengaluru,2024-09-29,90,B787,238,238,431367,15465,Domestic,22.65,88.45,13.20,77.71
211,JAI-CCU,Jaipur,Kolkata,2023-08-23,93,A320,183,82,151807,8793,Domestic,26.82,75.81,22.65,88.45
212,CCU-SFO,Kolkata,San Francisco,2024-02-20,276,B787,241,187,2061041,63363,International,22.65,88.45,37.62,-122.38
213,PNQ-MAA,Pune,Chennai,2024-05-13,122,A321,225,179,460299,17428,Domestic,18.58,73.92,12.99,80.17
214,AMD-BOM,Ahmedabad,Mumbai,2024-09-25,89,B787,238,157,292569,8517,Domestic,23.08,72.63,19.09,72.87
215,JAI-HYD,Jaipur,Hyderabad,2024-10-11,46,ATR72,63,36,79678,12348,Domestic,26.82,75.81,17.24,78.43
216,AMD-CCU,Ahmedabad,Kolkata,2023-04-25,170,B787,236,119,341833,22772,Domestic,23.08,72.63,22.65,88.45
217,HYD-LHR,Hyderabad,London,2024-11-04,576,A320,181,150,2313124,102624,International,17.24,78.43,51.47,-0.45
218,HYD-KUL,Hyderabad,Kuala Lumpur,2024-12-13,499,A320,176,153,2619196,92581,International,17.24,78.43,2.75,101.71
219,GOI-DEL,Goa,Delhi,2023-08-22,56,B787,242,161,358232,6877,Domestic,15.38,73.83,28.56,77.10
220,HYD-KUL,Hyderabad,Kuala Lumpur,2024-06-23,793,A320,180,148,3578030,121437,International,17.24,78.43,2.75,101.71
221,MAA-SIN,Chennai,Singapore,2023-01-11,299,A320,185,167,1705908,67070,International,12.99,80.17,1.36,103.99
222,GOI-JAI,Goa,Jaipur,2023-07-25,63,B787,240,179,411755,16789,Domestic,15.38,73.83,26.82,75.81
223,DEL-SFO,Delhi,San Francisco,2024-11-09,188,B737,194,91,774950,53033,International,28.56,77.10,37.62,-122.38
224,AMD-CCU,Ahmedabad,Kolkata,2023-09-04,225,B737,188,83,288726,21486,Domestic,23.08,72.63,22.65,88.45
225,AMD-BOM,Ahmedabad,Mumbai,2024-07-12,198,A321,219,158,452591,17238,Domestic,23.08,72.63,19.09,72.87
226,MAA-BLR,Chennai,Bengaluru,2023-05-07,150,A320,182,106,264021,19170,Domestic,12.99,80.17,13.20,77.71
227,JAI-PNQ,Jaipur,Pune,2023-05-27,184,B787,240,203,505027,18113,Domestic,26.82,75.81,18.58,73.92
228,JAI-MAA,Jaipur,Chennai,2023-04-28,189,A320,177,131,443747,17290,Domestic,26.82,75.81,12.99,80.17
229,JAI-SIN,Jaipur,Singapore,2024-01-17,635,ATR72,72,40,766743,107404,International,26.82,75.81,1.36,103.99
230,BLR-DEL,Bengaluru,Delhi,2024-02-16,176,A320,176,138,340965,15883,Domestic,13.20,77.71,28.56,77.10
231,DEL-SFO,Delhi,San Francisco,2024-10-25,893,A320,182,122,2774654,140768,International,28.56,77.10,37.62,-122.38
232,HYD-BLR,Hyderabad,Bengaluru,2024-08-06,117,B737,185,81,179923,12533,Domestic,17.24,78.43,13.20,77.71
233,BOM-HYD,Mumbai,Hyderabad,2023-12-29,54,B787,239,206,347968,13320,Domestic,19.09,72.87,17.24,78.43
234,PNQ-HYD,Pune,Hyderabad,2024-05-23,58,A320,180,156,343777,9183,Domestic,18.58,73.92,17.24,78.43
235,MAA-BOM,Chennai,Mumbai,2023-05-17,211,B737,187,161,490239,21598,Domestic,12.99,80.17,19.09,72.87
236,MAA-BOM,Chennai,Mumbai,2023-06-24,210,A321,220,131,385919,20461,Domestic,12.99,80.17,19.09,72.87
237,JAI-BLR,Jaipur,Bengaluru,2023-10-16,166,B737,189,91,270062,19761,Domestic,26.82,75.81,13.20,77.71
238,BOM-CCU,Mumbai,Kolkata,2024-04-25,54,B737,191,147,265517,6769,Domestic,19.09,72.87,22.65,88.45
239,CCU-DOH,Kolkata,Doha,2023-01-19,501,B737,190,163,2424155,103289,International,22.65,88.45,25.27,51.61
240,JAI-SIN,Jaipur,Singapore,2023-07-14,471,A320,184,99,1287878,83536,International,26.82,75.81,1.36,103.99
241,HYD-DEL,Hyderabad,Delhi,2023-11-26,76,A320,184,98,203795,11870,Domestic,17.24,78.43,28.56,77.10
242,AMD-DOH,Ahmedabad,Doha,2023-06-24,462,A321,221,120,1943926,86065,International,23.08,72.63,25.27,51.61
243,MAA-SFO,Chennai,San Francisco,2024-03-24,348,ATR72,64,44,515521,72737,International,12.99,80.17,37.62,-122.38
244,HYD-SFO,Hyderabad,San Francisco,2023-12-20,521,ATR72,70,35,454777,96371,International,17.24,78.43,37.62,-122.38
245,CCU-JAI,Kolkata,Jaipur,2024-05-13,131,ATR72,66,36,105250,17935,Domestic,22.65,88.45,26.82,75.81
246,BOM-JAI,Mumbai,Jaipur,2023-05-21,219,A321,222,176,523176,17912,Domestic,19.09,72.87,26.82,75.81
247,PNQ-CCU,Pune,Kolkata,2023-04-03,138,ATR72,65,48,113253,16739,Domestic,18.58,73.92,22.65,88.45
248,HYD-BLR,Hyderabad,Bengaluru,2023-08-27,68,ATR72,64,32,56824,13655,Domestic,17.24,78.43,13.20,77.71
249,GOI-DXB,Goa,Dubai,2023-07-24,533,B737,189,87,1262902,95338,International,15.38,73.83,25.25,55.37
250,AMD-MAA,Ahmedabad,Chennai,2024-07-13,167,A320,184,148,487931,13481,Domestic,23.08,72.63,12.99,80.17
251,AMD-PNQ,Ahmedabad,Pune,2024-03-08,121,A320,179,156,415026,16832,Domestic,23.08,72.63,18.58,73.92
252,DEL-PNQ,Delhi,Pune,2023-09-02,70,B737,193,164,317009,14818,Domestic,28.56,77.10,18.58,73.92
253,DEL-GOI,Delhi,Goa,2023-11-13,232,B737,192,107,310340,17020,Domestic,28.56,77.10,15.38,73.83
254,GOI-SFO,Goa,San Francisco,2023-10-22,449,B737,187,150,1905376,86389,International,15.38,73.83,37.62,-122.38
255,CCU-SFO,Kolkata,San Francisco,2024-10-01,481,A320,182,78,1259139,88231,International,22.65,88.45,37.62,-122.38
256,BLR-GOI,Bengaluru,Goa,2023-10-09,187,ATR72,66,46,130814,18345,Domestic,13.20,77.71,15.38,73.83
257,DEL-JAI,Delhi,Jaipur,2023-01-17,70,B737,188,97,185926,14139,Domestic,28.56,77.10,26.82,75.81
258,GOI-BOM,Goa,Mumbai,2023-03-12,212,A321,221,210,591569,18884,Domestic,15.38,73.83,19.09,72.87
259,BOM-HYD,Mumbai,Hyderabad,2023-09-26,148,B737,188,180,393149,17121,Domestic,19.09,72.87,17.24,78.43
260,PNQ-CCU,Pune,Kolkata,2023-11-21,141,B787,243,108,272815,13853,Domestic,18.58,73.92,22.65,88.45
261,JAI-GOI,Jaipur,Goa,2023-11-01,100,B737,186,142,388910,16393,Domestic,26.82,75.81,15.38,73.83
262,MAA-PNQ,Chennai,Pune,2024-03-26,150,A320,184,150,340075,11921,Domestic,12.99,80.17,18.58,73.92
263,BOM-SIN,Mumbai,Singapore,2023-01-07,664,B737,190,131,2516777,108852,International,19.09,72.87,1.36,103.99
264,MAA-DOH,Chennai,Doha,2023-11-10,705,B787,245,218,3723416,137482,International,12.99,80.17,25.27,51.61
265,BLR-JAI,Bengaluru,Jaipur,2023-04-13,95,A321,224,92,242727,13693,Domestic,13.20,77.71,26.82,75.81
266,MAA-DOH,Chennai,Doha,2023-07-12,400,ATR72,69,38,442429,78196,International,12.99,80.17,25.27,51.61
267,BOM-GOI,Mumbai,Goa,2024-07-27,105,B737,188,92,236021,14879,Domestic,19.09,72.87,15.38,73.83
268,JAI-SIN,Jaipur,Singapore,2024-06-12,345,B787,243,100,1184872,74822,International,26.82,75.81,1.36,103.99
269,BOM-KUL,Mumbai,Kuala Lumpur,2023-06-20,326,B787,244,176,1669425,68260,International,19.09,72.87,2.75,101.71
270,AMD-GOI,Ahmedabad,Goa,2024-06-20,45,A321,221,183,320610,8665,Domestic,23.08,72.63,15.38,73.83
271,CCU-PNQ,Kolkata,Pune,2023-09-08,132,A320,177,115,339129,17857,Domestic,22.65,88.45,18.58,73.92
272,PNQ-GOI,Pune,Goa,2024-01-22,82,B737,190,97,173787,14302,Domestic,18.58,73.92,15.38,73.83
273,AMD-DXB,Ahmedabad,Dubai,2023-07-26,318,B787,241,225,2999699,67975,International,23.08,72.63,25.25,55.37
274,BOM-AMD,Mumbai,Ahmedabad,2024-06-24,203,A321,222,135,408368,21927,Domestic,19.09,72.87,23.08,72.63
275,MAA-SIN,Chennai,Singapore,2024-09-20,808,ATR72,72,43,923038,128540,International,12.99,80.17,1.36,103.99
276,CCU-DEL,Kolkata,Delhi,2024-02-20,236,B787,238,207,584399,18864,Domestic,22.65,88.45,28.56,77.10
277,BOM-DEL,Mumbai,Delhi,2024-01-15,168,A321,215,161,466989,14247,Domestic,19.09,72.87,28.56,77.10
278,BLR-CCU,Bengaluru,Kolkata,2023-05-24,88,A320,184,159,302559,16079,Domestic,13.20,77.71,22.65,88.45
279,HYD-BLR,Hyderabad,Bengaluru,2023-01-25,209,A320,179,149,473147,16534,Domestic,17.24,78.43,13.20,77.71
280,HYD-KUL,Hyderabad,Kuala Lumpur,2024-10-29,533,B787,236,155,2440106,95547,International,17.24,78.43,2.75,101.71
281,BOM-SFO,Mumbai,San Francisco,2023-03-14,484,B787,241,212,2903930,84625,International,19.09,72.87,37.62,-122.38
282,BLR-JAI,Bengaluru,Jaipur,2024-09-23,99,B737,193,172,391894,16048,Domestic,13.20,77.71,26.82,75.81
283,HYD-AMD,Hyderabad,Ahmedabad,2023-04-03,54,A321,220,215,340640,13235,Domestic,17.24,78.43,23.08,72.63
284,MAA-GOI,Chennai,Goa,2024-05-19,157,B787,241,173,416579,21994,Domestic,12.99,80.17,15.38,73.83
285,GOI-CCU,Goa,Kolkata,2024-08-20,102,B737,192,137,313195,12616,Domestic,15.38,73.83,22.65,88.45
286,AMD-DEL,Ahmedabad,Delhi,2023-12-02,215,B737,186,173,570860,22570,Domestic,23.08,72.63,28.56,77.10
287,BOM-HYD,Mumbai,Hyderabad,2024-02-29,141,B787,245,133,346306,14387,Domestic,19.09,72.87,17.24,78.43
288,AMD-MAA,Ahmedabad,Chennai,2024-05-13,101,A320,175,140,301899,14702,Domestic,23.08,72.63,12.99,80.17
289,AMD-DEL,Ahmedabad,Delhi,2023-12-30,124,A321,222,203,496330,10893,Domestic,23.08,72.63,28.56,77.10
290,AMD-BLR,Ahmedabad,Bengaluru,2024-09-21,49,A321,222,108,210860,12279,Domestic,23.08,72.63,13.20,77.71
291,MAA-KUL,Chennai,Kuala Lumpur,2023-07-18,138,A320,175,134,1076287,46057,International,12.99,80.17,2.75,101.71
292,BOM-PNQ,Mumbai,Pune,2024-12-18,84,B787,237,220,450651,12276,Domestic,19.09,72.87,18.58,73.92
293,DEL-KUL,Delhi,Kuala Lumpur,2024-02-17,555,A321,216,197,3735891,98090,International,28.56,77.10,2.75,101.71
294,MAA-BLR,Chennai,Bengaluru,2023-12-05,131,B787,243,177,473584,12872,Domestic,12.99,80.17,13.20,77.71
295,HYD-AMD,Hyderabad,Ahmedabad,2024-10-20,179,B787,240,137,475713,19881,Domestic,17.24,78.43,23.08,72.63
296,PNQ-BOM,Pune,Mumbai,2024-03-04,71,B737,185,136,302435,12688,Domestic,18.58,73.92,19.09,72.87
297,GOI-SFO,Goa,San Francisco,2023-05-19,542,A320,176,140,2247159,110280,International,15.38,73.83,37.62,-122.38
298,JAI-BLR,Jaipur,Bengaluru,2024-11-23,197,B787,239,123,337071,14156,Domestic,26.82,75.81,13.20,77.71
299,HYD-DXB,Hyderabad,Dubai,2024-06-25,265,ATR72,72,46,494901,58328,International,17.24,78.43,25.25,55.37
300,PNQ-CCU,Pune,Kolkata,2023-02-26,143,A320,181,152,465503,12461,Domestic,18.58,73.92,22.65,88.45
301,PNQ-LHR,Pune,London,2023-08-20,390,A321,222,114,1367019,73899,International,18.58,73.92,51.47,-0.45
302,MAA-AMD,Chennai,Ahmedabad,2024-10-19,221,B737,184,82,242341,16900,Domestic,12.99,80.17,23.08,72.63
303,AMD-KUL,Ahmedabad,Kuala Lumpur,2024-03-10,222,A321,220,199,2229451,59834,International,23.08,72.63,2.75,101.71
304,BLR-KUL,Bengaluru,Kuala Lumpur,2024-01-19,798,A321,215,167,4015538,124629,International,13.20,77.71,2.75,101.71
305,CCU-SIN,Kolkata,Singapore,2024-07-13,281,A320,181,107,951093,64877,International,22.65,88.45,1.36,103.99
306,HYD-KUL,Hyderabad,Kuala Lumpur,2023-07-13,512,A321,225,124,1927820,92957,International,17.24,78.43,2.75,101.71
307,BOM-AMD,Mumbai,Ahmedabad,2024-10-09,48,B787,241,118,188478,12695,Domestic,19.09,72.87,23.08,72.63
308,CCU-GOI,Kolkata,Goa,2024-06-17,132,A321,223,89,249986,16070,Domestic,22.65,88.45,15.38,73.83
309,PNQ-DEL,Pune,Delhi,2024-06-01,177,B737,185,115,309783,17853,Domestic,18.58,73.92,28.56,77.10
310,AMD-BLR,Ahmedabad,Bengaluru,2024-12-16,238,B737,193,155,543774,22165,Domestic,23.08,72.63,13.20,77.71
311,PNQ-BOM,Pune,Mumbai,2023-07-04,115,ATR72,71,58,160007,15365,Domestic,18.58,73.92,19.09,72.87
312,CCU-HYD,Kolkata,Hyderabad,2023-10-19,89,B737,193,127,248445,11053,Domestic,22.65,88.45,17.24,78.43
313,MAA-DEL,Chennai,Delhi,2023-12-01,114,A321,216,186,441512,15782,Domestic,12.99,80.17,28.56,77.10
314,CCU-DEL,Kolkata,Delhi,2023-04-26,130,B737,193,127,267440,12879,Domestic,22.65,88.45,28.56,77.10
315,PNQ-SFO,Pune,San Francisco,2023-02-18,776,A320,181,84,1754569,160638,International,18.58,73.92,37.62,-122.38
316,BOM-PNQ,Mumbai,Pune,2024-11-15,96,B737,189,157,343420,13520,Domestic,19.09,72.87,18.58,73.92
317,GOI-JAI,Goa,Jaipur,2023-03-23,65,B787,242,99,229703,12852,Domestic,15.38,73.83,26.82,75.81
318,BOM-HYD,Mumbai,Hyderabad,2023-11-29,145,A320,182,119,293357,12752,Domestic,19.09,72.87,17.24,78.43
319,BLR-HYD,Bengaluru,Hyderabad,2024-07-10,84,ATR72,66,39,68193,14605,Domestic,13.20,77.71,17.24,78.43
320,HYD-DXB,Hyderabad,Dubai,2023-12-01,863,B787,235,192,4505792,161864,International,17.24,78.43,25.25,55.37
321,BOM-BLR,Mumbai,Bengaluru,2024-06-15,96,A321,225,111,232020,11286,Domestic,19.09,72.87,13.20,77.71
322,CCU-JAI,Kolkata,Jaipur,2023-08-09,232,A321,224,157,567551,21746,Domestic,22.65,88.45,26.82,75.81
323,BOM-DXB,Mumbai,Dubai,2024-09-26,612,A321,222,184,3041199,103397,International,19.09,72.87,25.25,55.37
324,CCU-BLR,Kolkata,Bengaluru,2023-11-19,217,B787,237,96,280921,21723,Domestic,22.65,88.45,13.20,77.71
325,AMD-SFO,Ahmedabad,San Francisco,2023-01-03,236,B787,242,233,2384087,56529,International,23.08,72.63,37.62,-122.38
326,PNQ-LHR,Pune,London,2024-11-24,662,B787,245,168,2814816,106533,International,18.58,73.92,51.47,-0.45
327,DEL-MAA,Delhi,Chennai,2023-07-25,204,A320,178,127,326599,20807,Domestic,28.56,77.10,12.99,80.17
328,DEL-JAI,Delhi,Jaipur,2023-02-09,83,A320,175,114,282980,12140,Domestic,28.56,77.10,26.82,75.81
329,JAI-PNQ,Jaipur,Pune,2023-02-28,114,A321,220,217,607094,11575,Domestic,26.82,75.81,18.58,73.92
330,JAI-MAA,Jaipur,Chennai,2024-07-27,157,B737,191,112,341363,17258,Domestic,26.82,75.81,12.99,80.17
331,BLR-AMD,Bengaluru,Ahmedabad,2024-10-05,177,A321,221,105,323199,19366,Domestic,13.20,77.71,23.08,72.63
332,BLR-DEL,Bengaluru,Delhi,2024-05-21,108,ATR72,72,42,84729,12135,Domestic,13.20,77.71,28.56,77.10
333,PNQ-CCU,Pune,Kolkata,2024-07-25,131,A320,175,85,182300,10712,Domestic,18.58,73.92,22.65,88.45
334,DEL-SIN,Delhi,Singapore,2023-05-02,633,B787,243,155,3186945,107171,International,28.56,77.10,1.36,103.99
335,MAA-JAI,Chennai,Jaipur,2024-04-23,89,A320,178,94,219830,12383,Domestic,12.99,80.17,26.82,75.81
336,MAA-AMD,Chennai,Ahmedabad,2024-09-10,199,B787,244,224,677326,15532,Domestic,12.99,80.17,23.08,72.63
337,AMD-GOI,Ahmedabad,Goa,2023-04-06,82,ATR72,67,48,116781,11736,Domestic,23.08,72.63,15.38,73.83
338,BOM-AMD,Mumbai,Ahmedabad,2024-02-18,198,ATR72,65,34,122989,18177,Domestic,19.09,72.87,23.08,72.63
339,CCU-SFO,Kolkata,San Francisco,2023-08-23,298,A320,181,75,810163,66871,International,22.65,88.45,37.62,-122.38
340,CCU-BOM,Kolkata,Mumbai,2023-03-03,160,B787,245,194,646795,17322,Domestic,22.65,88.45,19.09,72.87
341,DEL-JAI,Delhi,Jaipur,2023-09-13,65,ATR72,69,57,108129,15365,Domestic,28.56,77.10,26.82,75.81
342,CCU-GOI,Kolkata,Goa,2024-07-14,126,A321,225,188,478895,13783,Domestic,22.65,88.45,15.38,73.83
343,PNQ-JAI,Pune,Jaipur,2023-12-14,69,A321,225,173,289669,9540,Domestic,18.58,73.92,26.82,75.81
344,JAI-HYD,Jaipur,Hyderabad,2024-11-01,236,B787,244,165,639145,19801,Domestic,26.82,75.81,17.24,78.43
345,HYD-SFO,Hyderabad,San Francisco,2023-05-04,308,A320,184,148,1584265,90593,International,17.24,78.43,37.62,-122.38
346,GOI-BLR,Goa,Bengaluru,2024-04-26,221,ATR72,65,35,121783,21411,Domestic,15.38,73.83,13.20,77.71
347,GOI-BOM,Goa,Mumbai,2023-11-13,134,A320,180,179,378824,18128,Domestic,15.38,73.83,19.09,72.87
348,PNQ-HYD,Pune,Hyderabad,2024-05-18,167,A321,215,88,286473,17308,Domestic,18.58,73.92,17.24,78.43
349,DEL-BLR,Delhi,Bengaluru,2024-12-19,99,ATR72,73,49,128900,11152,Domestic,28.56,77.10,13.20,77.71
350,BLR-DOH,Bengaluru,Doha,2023-02-17,817,A320,185,175,4240658,130066,International,13.20,77.71,25.27,51.61
351,BOM-MAA,Mumbai,Chennai,2024-02-13,141,B737,188,145,334188,17726,Domestic,19.09,72.87,12.99,80.17
352,BOM-KUL,Mumbai,Kuala Lumpur,2023-05-16,567,B787,242,115,1889640,97413,International,19.09,72.87,2.75,101.71
353,AMD-DEL,Ahmedabad,Delhi,2023-07-20,137,B787,243,111,309339,12267,Domestic,23.08,72.63,28.56,77.10
354,JAI-MAA,Jaipur,Chennai,2023-09-07,124,B737,187,157,342642,13718,Domestic,26.82,75.81,12.99,80.17
355,CCU-DOH,Kolkata,Doha,2023-11-10,863,A321,220,101,2696400,137232,International,22.65,88.45,25.27,51.61
356,DEL-BOM,Delhi,Mumbai,2024-01-03,135,ATR72,70,40,83658,14768,Domestic,28.56,77.10,19.09,72.87
357,MAA-DXB,Chennai,Dubai,2024-03-04,339,B787,242,228,3108176,67745,International,12.99,80.17,25.25,55.37
358,PNQ-CCU,Pune,Kolkata,2024-04-24,71,B737,193,122,232699,14790,Domestic,18.58,73.92,22.65,88.45
359,GOI-AMD,Goa,Ahmedabad,2023-11-10,173,B737,190,149,431922,17410,Domestic,15.38,73.83,23.08,72.63
360,GOI-BLR,Goa,Bengaluru,2024-05-14,111,A321,220,212,470276,10114,Domestic,15.38,73.83,13.20,77.71
361,JAI-MAA,Jaipur,Chennai,2024-12-21,126,A321,221,89,183588,11104,Domestic,26.82,75.81,12.99,80.17
362,PNQ-BLR,Pune,Bengaluru,2023-12-21,68,A320,178,135,222867,14306,Domestic,18.58,73.92,13.20,77.71
363,JAI-BOM,Jaipur,Mumbai,2024-04-29,160,B787,243,99,298582,13354,Domestic,26.82,75.81,19.09,72.87
364,AMD-BOM,Ahmedabad,Mumbai,2023-07-30,236,A320,184,149,446599,18358,Domestic,23.08,72.63,19.09,72.87
365,GOI-MAA,Goa,Chennai,2024-12-04,68,B737,187,153,276218,11042,Domestic,15.38,73.83,12.99,80.17
366,BLR-CCU,Bengaluru,Kolkata,2023-02-13,226,ATR72,71,61,209349,17053,Domestic,13.20,77.71,22.65,88.45
367,GOI-HYD,Goa,Hyderabad,2024-06-24,87,ATR72,67,60,114126,9448,Domestic,15.38,73.83,17.24,78.43
368,CCU-GOI,Kolkata,Goa,2024-07-24,147,A321,223,147,386732,15137,Domestic,22.65,88.45,15.38,73.83
369,PNQ-DXB,Pune,Dubai,2024-08-05,657,ATR72,63,61,1304522,112009,International,18.58,73.92,25.25,55.37
370,MAA-BLR,Chennai,Bengaluru,2023-04-02,204,ATR72,66,45,138283,14875,Domestic,12.99,80.17,13.20,77.71
371,GOI-BLR,Goa,Bengaluru,2023-09-22,121,ATR72,63,59,134180,17527,Domestic,15.38,73.83,13.20,77.71
372,BLR-DOH,Bengaluru,Doha,2023-08-08,558,B737,192,155,2427595,94560,International,13.20,77.71,25.27,51.61
373,GOI-KUL,Goa,Kuala Lumpur,2024-03-17,426,ATR72,68,50,714783,82611,International,15.38,73.83,2.75,101.71
374,AMD-SIN,Ahmedabad,Singapore,2024-02-05,475,ATR72,66,29,491771,87276,International,23.08,72.63,1.36,103.99
375,BLR-AMD,Bengaluru,Ahmedabad,2024-02-04,213,ATR72,64,46,131430,20381,Domestic,13.20,77.71,23.08,72.63
376,AMD-DEL,Ahmedabad,Delhi,2024-12-27,147,A320,181,100,218255,12970,Domestic,23.08,72.63,28.56,77.10
377,AMD-DXB,Ahmedabad,Dubai,2024-07-29,307,B737,186,146,1577505,69544,International,23.08,72.63,25.25,55.37
378,MAA-AMD,Chennai,Ahmedabad,2024-05-04,220,A321,225,186,724139,17918,Domestic,12.99,80.17,23.08,72.63
379,AMD-HYD,Ahmedabad,Hyderabad,2024-04-29,223,A320,178,72,199281,17408,Domestic,23.08,72.63,17.24,78.43
380,DEL-BLR,Delhi,Bengaluru,2024-04-14,126,B787,238,234,584345,10569,Domestic,28.56,77.10,13.20,77.71
381,BLR-BOM,Bengaluru,Mumbai,2024-07-27,143,B737,188,155,343977,13229,Domestic,13.20,77.71,19.09,72.87
382,MAA-JAI,Chennai,Jaipur,2024-11-12,125,B737,188,119,266480,11706,Domestic,12.99,80.17,26.82,75.81
383,AMD-DEL,Ahmedabad,Delhi,2024-03-20,144,B787,236,102,245772,12252,Domestic,23.08,72.63,28.56,77.10
384,PNQ-DXB,Pune,Dubai,2023-09-26,581,B787,243,239,3679384,116895,International,18.58,73.92,25.25,55.37
385,BOM-BLR,Mumbai,Bengaluru,2023-09-24,126,B787,236,168,447009,17069,Domestic,19.09,72.87,13.20,77.71
386,JAI-AMD,Jaipur,Ahmedabad,2023-02-23,108,A321,220,193,530997,15798,Domestic,26.82,75.81,23.08,72.63
387,CCU-JAI,Kolkata,Jaipur,2024-06-11,156,ATR72,71,65,148382,12686,Domestic,22.65,88.45,26.82,75.81
388,CCU-BLR,Kolkata,Bengaluru,2024-06-03,136,B737,187,110,237304,18065,Domestic,22.65,88.45,13.20,77.71
389,AMD-DOH,Ahmedabad,Doha,2024-09-07,493,ATR72,67,56,780335,87441,International,23.08,72.63,25.27,51.61
390,GOI-CCU,Goa,Kolkata,2023-02-28,170,ATR72,65,55,139254,13552,Domestic,15.38,73.83,22.65,88.45
391,AMD-DEL,Ahmedabad,Delhi,2023-02-09,229,B787,243,226,898030,19975,Domestic,23.08,72.63,28.56,77.10
392,BLR-DXB,Bengaluru,Dubai,2023-08-25,810,A321,221,131,2374766,123670,International,13.20,77.71,25.25,55.37
393,GOI-JAI,Goa,Jaipur,2024-01-21,233,A320,180,112,400572,19776,Domestic,15.38,73.83,26.82,75.81
394,GOI-JAI,Goa,Jaipur,2024-08-28,174,A321,216,162,532772,16371,Domestic,15.38,73.83,26.82,75.81
395,DEL-MAA,Delhi,Chennai,2024-12-16,100,ATR72,73,53,134228,18645,Domestic,28.56,77.10,12.99,80.17
396,AMD-MAA,Ahmedabad,Chennai,2024-10-11,99,A321,217,88,199641,15219,Domestic,23.08,72.63,12.99,80.17
397,DEL-AMD,Delhi,Ahmedabad,2023-10-27,87,B787,244,145,367659,10382,Domestic,28.56,77.10,23.08,72.63
398,HYD-GOI,Hyderabad,Goa,2024-01-30,55,A320,181,169,317025,7346,Domestic,17.24,78.43,15.38,73.83
399,JAI-SFO,Jaipur,San Francisco,2023-07-26,677,B787,240,209,3635028,109668,International,26.82,75.81,37.62,-122.38
400,CCU-DEL,Kolkata,Delhi,2023-12-02,52,A320,176,126,285748,13882,Domestic,22.65,88.45,28.56,77.10
401,BLR-DEL,Bengaluru,Delhi,2024-08-15,69,ATR72,65,30,57703,11417,Domestic,13.20,77.71,28.56,77.10
402,AMD-DEL,Ahmedabad,Delhi,2024-12-30,199,A320,182,167,534251,14651,Domestic,23.08,72.63,28.56,77.10
403,DEL-DXB,Delhi,Dubai,2024-05-28,801,A320,181,131,2993810,126444,International,28.56,77.10,25.25,55.37
404,AMD-BLR,Ahmedabad,Bengaluru,2023-06-27,155,A320,181,78,221279,16369,Domestic,23.08,72.63,13.20,77.71
405,CCU-AMD,Kolkata,Ahmedabad,2024-01-31,150,A321,219,112,314209,14522,Domestic,22.65,88.45,23.08,72.63
406,PNQ-MAA,Pune,Chennai,2024-01-06,205,A321,225,112,288786,18363,Domestic,18.58,73.92,12.99,80.17
407,MAA-AMD,Chennai,Ahmedabad,2024-10-19,74,ATR72,72,43,97227,10676,Domestic,12.99,80.17,23.08,72.63
408,DEL-PNQ,Delhi,Pune,2023-11-14,237,A320,175,107,332994,22639,Domestic,28.56,77.10,18.58,73.92
409,JAI-BOM,Jaipur,Mumbai,2024-01-04,210,B737,193,164,541157,20044,Domestic,26.82,75.81,19.09,72.87
410,BOM-KUL,Mumbai,Kuala Lumpur,2024-01-19,878,ATR72,72,33,843264,138773,International,19.09,72.87,2.75,101.71
411,GOI-PNQ,Goa,Pune,2023-03-03,211,A320,177,83,269148,20332,Domestic,15.38,73.83,18.58,73.92
412,DEL-PNQ,Delhi,Pune,2024-05-19,148,A320,176,158,444928,17776,Domestic,28.56,77.10,18.58,73.92
413,PNQ-MAA,Pune,Chennai,2023-08-27,227,A321,225,98,281365,16247,Domestic,18.58,73.92,12.99,80.17
414,BOM-KUL,Mumbai,Kuala Lumpur,2023-07-14,345,ATR72,65,59,596849,97087,International,19.09,72.87,2.75,101.71
415,DEL-BLR,Delhi,Bengaluru,2024-11-08,114,A320,181,119,302081,15222,Domestic,28.56,77.10,13.20,77.71
416,PNQ-DXB,Pune,Dubai,2023-08-10,734,A320,183,148,3085103,120874,International,18.58,73.92,25.25,55.37
417,DEL-CCU,Delhi,Kolkata,2023-03-02,173,ATR72,73,56,168900,19515,Domestic,28.56,77.10,22.65,88.45
418,GOI-CCU,Goa,Kolkata,2023-05-09,85,B737,185,110,215655,15337,Domestic,15.38,73.83,22.65,88.45
419,PNQ-DXB,Pune,Dubai,2024-11-15,525,ATR72,66,36,599230,94293,International,18.58,73.92,25.25,55.37
420,PNQ-MAA,Pune,Chennai,2023-06-05,187,ATR72,72,68,164583,15215,Domestic,18.58,73.92,12.99,80.17
421,MAA-PNQ,Chennai,Pune,2024-01-13,204,B737,186,75,213181,19129,Domestic,12.99,80.17,18.58,73.92
422,JAI-LHR,Jaipur,London,2024-09-13,351,ATR72,72,56,581485,69477,International,26.82,75.81,51.47,-0.45
423,MAA-JAI,Chennai,Jaipur,2024-08-08,92,A320,175,122,286163,15601,Domestic,12.99,80.17,26.82,75.81
424,PNQ-GOI,Pune,Goa,2024-03-12,82,ATR72,69,47,113935,9528,Domestic,18.58,73.92,15.38,73.83
425,BLR-HYD,Bengaluru,Hyderabad,2023-07-26,167,B737,189,118,332489,15850,Domestic,13.20,77.71,17.24,78.43
426,BLR-MAA,Bengaluru,Chennai,2024-01-23,167,B787,242,226,724394,18185,Domestic,13.20,77.71,12.99,80.17
427,GOI-AMD,Goa,Ahmedabad,2024-04-24,90,ATR72,68,49,124014,8892,Domestic,15.38,73.83,23.08,72.63
428,JAI-SIN,Jaipur,Singapore,2023-12-06,188,A321,217,176,1325857,51335,International,26.82,75.81,1.36,103.99
429,MAA-DEL,Chennai,Delhi,2023-12-06,211,A320,179,162,523990,22240,Domestic,12.99,80.17,28.56,77.10
430,DEL-JAI,Delhi,Jaipur,2023-07-23,174,A320,182,176,410119,19869,Domestic,28.56,77.10,26.82,75.81
431,MAA-AMD,Chennai,Ahmedabad,2023-06-10,65,A321,224,221,527367,7590,Domestic,12.99,80.17,23.08,72.63
432,GOI-LHR,Goa,London,2024-06-23,374,A321,220,112,1399560,73855,International,15.38,73.83,51.47,-0.45
433,GOI-SFO,Goa,San Francisco,2024-01-27,800,ATR72,71,30,667360,122818,International,15.38,73.83,37.62,-122.38
434,PNQ-JAI,Pune,Jaipur,2024-11-07,191,A321,223,145,520257,20025,Domestic,18.58,73.92,26.82,75.81
435,HYD-GOI,Hyderabad,Goa,2024-07-28,66,B787,241,226,480749,9815,Domestic,17.24,78.43,15.38,73.83
436,BOM-PNQ,Mumbai,Pune,2024-06-17,148,B737,189,107,244967,13369,Domestic,19.09,72.87,18.58,73.92
437,JAI-DXB,Jaipur,Dubai,2023-03-11,135,A321,216,201,1496925,42750,International,26.82,75.81,25.25,55.37
438,DEL-BLR,Delhi,Bengaluru,2024-02-09,156,A321,223,216,621152,14547,Domestic,28.56,77.10,13.20,77.71
439,BOM-JAI,Mumbai,Jaipur,2024-08-30,59,B787,238,157,281636,14325,Domestic,19.09,72.87,26.82,75.81
440,AMD-DXB,Ahmedabad,Dubai,2024-11-05,399,A320,176,118,1461249,78491,International,23.08,72.63,25.25,55.37
441,DEL-AMD,Delhi,Ahmedabad,2024-08-13,104,A320,181,87,198930,15817,Domestic,28.56,77.10,23.08,72.63
442,CCU-PNQ,Kolkata,Pune,2024-05-31,195,ATR72,67,39,123221,21718,Domestic,22.65,88.45,18.58,73.92
443,DEL-JAI,Delhi,Jaipur,2023-04-30,189,B787,241,152,432458,15683,Domestic,28.56,77.10,26.82,75.81
444,HYD-BOM,Hyderabad,Mumbai,2024-11-20,64,B737,186,126,252800,13932,Domestic,17.24,78.43,19.09,72.87
445,PNQ-SFO,Pune,San Francisco,2024-11-18,565,B737,184,175,2914328,94896,International,18.58,73.92,37.62,-122.38
446,MAA-BLR,Chennai,Bengaluru,2023-08-05,233,B787,240,112,439729,20071,Domestic,12.99,80.17,13.20,77.71
447,MAA-BOM,Chennai,Mumbai,2023-02-25,145,B737,185,157,427215,12091,Domestic,12.99,80.17,19.09,72.87
448,MAA-HYD,Chennai,Hyderabad,2024-01-01,129,A320,185,164,461494,10894,Domestic,12.99,80.17,17.24,78.43
449,DEL-CCU,Delhi,Kolkata,2024-11-29,171,B737,184,152,468994,20456,Domestic,28.56,77.10,22.65,88.45
450,DEL-HYD,Delhi,Hyderabad,2024-05-18,212,B737,186,186,635440,16875,Domestic,28.56,77.10,17.24,78.43
451,PNQ-LHR,Pune,London,2024-03-30,407,B787,243,230,2971142,77291,International,18.58,73.92,51.47,-0.45
452,JAI-BOM,Jaipur,Mumbai,2023-04-14,181,B787,239,155,408972,15053,Domestic,26.82,75.81,19.09,72.87
453,MAA-BOM,Chennai,Mumbai,2023-03-18,99,B737,184,173,349723,11223,Domestic,12.99,80.17,19.09,72.87
454,DEL-AMD,Delhi,Ahmedabad,2023-08-18,70,A321,223,134,311474,15210,Domestic,28.56,77.10,23.08,72.63
455,JAI-CCU,Jaipur,Kolkata,2023-09-15,73,B787,244,113,237301,12910,Domestic,26.82,75.81,22.65,88.45
456,BOM-AMD,Mumbai,Ahmedabad,2023-09-21,153,ATR72,68,53,137226,20579,Domestic,19.09,72.87,23.08,72.63
457,DEL-DOH,Delhi,Doha,2023-11-27,156,ATR72,72,36,310900,64788,International,28.56,77.10,25.27,51.61
458,CCU-LHR,Kolkata,London,2023-07-01,205,A320,177,99,761673,53514,International,22.65,88.45,51.47,-0.45
459,BOM-BLR,Mumbai,Bengaluru,2024-07-03,55,B737,184,184,371644,11835,Domestic,19.09,72.87,13.20,77.71
460,HYD-MAA,Hyderabad,Chennai,2024-11-18,184,A321,225,190,497079,17836,Domestic,17.24,78.43,12.99,80.17
461,DEL-HYD,Delhi,Hyderabad,2023-01-27,198,A320,176,153,396795,18383,Domestic,28.56,77.10,17.24,78.43
462,GOI-BLR,Goa,Bengaluru,2023-10-03,210,B737,190,134,477565,19438,Domestic,15.38,73.83,13.20,77.71
463,BOM-JAI,Mumbai,Jaipur,2024-10-13,238,B787,245,233,912397,19200,Domestic,19.09,72.87,26.82,75.81
464,BLR-BOM,Bengaluru,Mumbai,2023-10-26,94,ATR72,68,36,85128,12254,Domestic,13.20,77.71,19.09,72.87
465,GOI-BLR,Goa,Bengaluru,2023-04-01,152,A321,217,163,443656,15444,Domestic,15.38,73.83,13.20,77.71
466,BLR-JAI,Bengaluru,Jaipur,2024-04-24,215,ATR72,65,47,150945,15121,Domestic,13.20,77.71,26.82,75.81
467,MAA-CCU,Chennai,Kolkata,2024-07-26,94,B787,241,236,614115,10711,Domestic,12.99,80.17,22.65,88.45
468,BLR-DXB,Bengaluru,Dubai,2024-04-02,640,B737,192,190,3471985,107556,International,13.20,77.71,25.25,55.37
469,JAI-AMD,Jaipur,Ahmedabad,2024-03-26,141,B787,242,176,524773,13323,Domestic,26.82,75.81,23.08,72.63
470,AMD-HYD,Ahmedabad,Hyderabad,2023-12-31,111,B787,238,106,222518,10319,Domestic,23.08,72.63,17.24,78.43
471,BOM-SFO,Mumbai,San Francisco,2024-11-05,599,ATR72,69,56,1129689,104451,International,19.09,72.87,37.62,-122.38
472,JAI-DOH,Jaipur,Doha,2023-12-17,535,A321,220,202,2651064,97650,International,26.82,75.81,25.27,51.61
473,GOI-AMD,Goa,Ahmedabad,2024-10-16,164,B787,242,197,616616,17139,Domestic,15.38,73.83,23.08,72.63
474,JAI-CCU,Jaipur,Kolkata,2024-02-04,68,ATR72,63,42,97598,12832,Domestic,26.82,75.81,22.65,88.45
475,DEL-DXB,Delhi,Dubai,2023-09-10,499,A321,221,203,3585701,89747,International,28.56,77.10,25.25,55.37
476,DEL-JAI,Delhi,Jaipur,2024-04-03,68,B737,191,181,427493,13852,Domestic,28.56,77.10,26.82,75.81
477,BOM-MAA,Mumbai,Chennai,2024-11-29,144,B737,188,171,508486,15581,Domestic,19.09,72.87,12.99,80.17
478,DEL-PNQ,Delhi,Pune,2024-05-13,107,A320,184,129,338033,12428,Domestic,28.56,77.10,18.58,73.92
479,GOI-PNQ,Goa,Pune,2024-05-22,136,ATR72,69,65,141695,12285,Domestic,15.38,73.83,18.58,73.92
480,AMD-BLR,Ahmedabad,Bengaluru,2023-10-31,176,A321,224,196,544943,13830,Domestic,23.08,72.63,13.20,77.71
481,DEL-AMD,Delhi,Ahmedabad,2024-05-15,111,B787,244,244,503232,16073,Domestic,28.56,77.10,23.08,72.63
482,AMD-SFO,Ahmedabad,San Francisco,2024-08-20,590,B737,190,98,1922858,99213,International,23.08,72.63,37.62,-122.38
483,CCU-MAA,Kolkata,Chennai,2023-06-15,191,A321,224,97,323901,13759,Domestic,22.65,88.45,12.99,80.17
484,HYD-AMD,Hyderabad,Ahmedabad,2024-02-19,217,ATR72,72,52,183087,22637,Domestic,17.24,78.43,23.08,72.63
485,CCU-DEL,Kolkata,Delhi,2024-04-06,83,A320,181,150,303498,13885,Domestic,22.65,88.45,28.56,77.10
486,JAI-DOH,Jaipur,Doha,2023-04-24,443,B737,186,92,1336112,79372,International,26.82,75.81,25.27,51.61
487,CCU-JAI,Kolkata,Jaipur,2024-03-08,205,A321,224,171,612441,16044,Domestic,22.65,88.45,26.82,75.81
488,CCU-AMD,Kolkata,Ahmedabad,2023-12-22,220,A321,216,139,519036,21906,Domestic,22.65,88.45,23.08,72.63
489,MAA-GOI,Chennai,Goa,2024-11-25,167,A321,216,196,459276,12574,Domestic,12.99,80.17,15.38,73.83
490,BOM-DEL,Mumbai,Delhi,2023-07-26,227,ATR72,70,64,222575,17238,Domestic,19.09,72.87,28.56,77.10
491,DEL-MAA,Delhi,Chennai,2023-08-23,171,ATR72,70,46,132396,18950,Domestic,28.56,77.10,12.99,80.17
492,DEL-LHR,Delhi,London,2024-03-17,408,ATR72,70,59,890645,77901,International,28.56,77.10,51.47,-0.45
493,CCU-AMD,Kolkata,Ahmedabad,2023-12-21,86,B787,236,230,431334,15886,Domestic,22.65,88.45,23.08,72.63
494,AMD-DOH,Ahmedabad,Doha,2024-05-29,582,A321,219,140,2672608,97144,International,23.08,72.63,25.27,51.61
495,CCU-KUL,Kolkata,Kuala Lumpur,2023-07-27,821,B737,190,121,2824625,164977,International,22.65,88.45,2.75,101.71
496,DEL-KUL,Delhi,Kuala Lumpur,2024-12-09,354,ATR72,65,63,781010,72996,International,28.56,77.10,2.75,101.71
497,DEL-JAI,Delhi,Jaipur,2023-05-05,84,ATR72,64,56,126550,10118,Domestic,28.56,77.10,26.82,75.81
498,DEL-SIN,Delhi,Singapore,2023-05-18,806,A321,218,204,3911133,129896,International,28.56,77.10,1.36,103.99
499,BOM-DEL,Mumbai,Delhi,2023-12-05,157,ATR72,67,46,105699,15695,Domestic,19.09,72.87,28.56,77.10
500,BOM-PNQ,Mumbai,Pune,2024-06-20,165,B787,235,113,300741,18695,Domestic,19.09,72.87,18.58,73.92
501,DEL-DXB,Delhi,Dubai,2023-03-09,488,B787,243,235,3422374,85480,International,28.56,77.10,25.25,55.37
502,MAA-LHR,Chennai,London,2024-07-26,336,ATR72,73,64,752692,78029,International,12.99,80.17,51.47,-0.45
503,GOI-DOH,Goa,Doha,2024-06-24,504,A321,222,205,3042818,87277,International,15.38,73.83,25.27,51.61
504,HYD-KUL,Hyderabad,Kuala Lumpur,2024-01-18,299,A321,220,174,1847632,67079,International,17.24,78.43,2.75,101.71
505,AMD-GOI,Ahmedabad,Goa,2023-01-19,119,A321,222,145,385367,15064,Domestic,23.08,72.63,15.38,73.83
506,BOM-JAI,Mumbai,Jaipur,2024-11-13,51,A320,185,128,271173,9171,Domestic,19.09,72.87,26.82,75.81
507,AMD-CCU,Ahmedabad,Kolkata,2024-03-25,142,ATR72,69,62,186213,18695,Domestic,23.08,72.63,22.65,88.45
508,HYD-AMD,Hyderabad,Ahmedabad,2023-03-15,185,A321,216,113,377256,14928,Domestic,17.24,78.43,23.08,72.63
509,BOM-SIN,Mumbai,Singapore,2024-07-26,582,B787,235,113,2193156,102340,International,19.09,72.87,1.36,103.99
510,CCU-JAI,Kolkata,Jaipur,2024-10-26,156,B737,194,101,226414,13932,Domestic,22.65,88.45,26.82,75.81
511,JAI-PNQ,Jaipur,Pune,2023-10-03,166,B737,194,130,382424,12967,Domestic,26.82,75.81,18.58,73.92
512,JAI-DXB,Jaipur,Dubai,2023-02-17,490,A321,217,132,1922041,85221,International,26.82,75.81,25.25,55.37
513,BLR-PNQ,Bengaluru,Pune,2023-07-30,106,B737,190,112,298024,12114,Domestic,13.20,77.71,18.58,73.92
514,PNQ-CCU,Pune,Kolkata,2024-10-12,135,B737,184,182,402038,18121,Domestic,18.58,73.92,22.65,88.45
515,BOM-CCU,Mumbai,Kolkata,2024-09-13,170,A320,185,185,517173,14031,Domestic,19.09,72.87,22.65,88.45
516,MAA-PNQ,Chennai,Pune,2024-11-25,157,B787,245,211,668362,17114,Domestic,12.99,80.17,18.58,73.92
517,CCU-GOI,Kolkata,Goa,2024-06-23,164,B787,242,231,601396,19548,Domestic,22.65,88.45,15.38,73.83
518,AMD-SFO,Ahmedabad,San Francisco,2024-12-09,731,A320,184,103,1901411,117123,International,23.08,72.63,37.62,-122.38
519,CCU-DEL,Kolkata,Delhi,2023-07-10,123,A320,183,111,267429,14641,Domestic,22.65,88.45,28.56,77.10
520,CCU-BLR,Kolkata,Bengaluru,2023-11-11,147,B737,185,152,407584,18127,Domestic,22.65,88.45,13.20,77.71
521,BOM-PNQ,Mumbai,Pune,2024-07-16,160,ATR72,65,59,148423,16277,Domestic,19.09,72.87,18.58,73.92
522,CCU-SIN,Kolkata,Singapore,2024-10-22,329,B737,191,164,1723099,71457,International,22.65,88.45,1.36,103.99
523,BLR-BOM,Bengaluru,Mumbai,2024-07-15,203,A320,185,83,298873,19271,Domestic,13.20,77.71,19.09,72.87
524,BLR-KUL,Bengaluru,Kuala Lumpur,2023-04-23,252,B787,241,232,2752671,58508,International,13.20,77.71,2.75,101.71
525,BLR-DEL,Bengaluru,Delhi,2023-06-19,90,B737,189,138,276018,14492,Domestic,13.20,77.71,28.56,77.10
526,MAA-HYD,Chennai,Hyderabad,2024-04-12,222,ATR72,64,35,120272,27086,Domestic,12.99,80.17,17.24,78.43
527,CCU-JAI,Kolkata,Jaipur,2024-11-08,78,B737,185,144,256268,10961,Domestic,22.65,88.45,26.82,75.81
528,CCU-MAA,Kolkata,Chennai,2023-01-14,90,A321,222,222,406589,11248,Domestic,22.65,88.45,12.99,80.17
529,HYD-BLR,Hyderabad,Bengaluru,2024-12-15,210,B737,187,107,405848,18723,Domestic,17.24,78.43,13.20,77.71
530,DEL-BLR,Delhi,Bengaluru,2023-10-15,61,A320,185,83,164129,14704,Domestic,28.56,77.10,13.20,77.71
531,CCU-HYD,Kolkata,Hyderabad,2023-07-08,231,B787,245,235,770755,16387,Domestic,22.65,88.45,17.24,78.43
532,HYD-LHR,Hyderabad,London,2023-06-04,821,B787,236,194,4358282,125391,International,17.24,78.43,51.47,-0.45
533,JAI-MAA,Jaipur,Chennai,2024-07-20,84,A320,177,136,293323,14842,Domestic,26.82,75.81,12.99,80.17
534,DEL-MAA,Delhi,Chennai,2024-11-24,91,A321,220,103,228688,13559,Domestic,28.56,77.10,12.99,80.17
535,DEL-BOM,Delhi,Mumbai,2024-12-22,215,A320,181,120,351926,16522,Domestic,28.56,77.10,19.09,72.87
536,HYD-SFO,Hyderabad,San Francisco,2024-04-15,248,B737,184,108,1051456,57411,International,17.24,78.43,37.62,-122.38
537,JAI-AMD,Jaipur,Ahmedabad,2023-03-16,69,A320,181,177,403951,13687,Domestic,26.82,75.81,23.08,72.63
538,HYD-MAA,Hyderabad,Chennai,2023-10-04,166,A320,182,82,188852,12334,Domestic,17.24,78.43,12.99,80.17
539,GOI-DEL,Goa,Delhi,2024-10-06,229,A321,221,170,607943,19456,Domestic,15.38,73.83,28.56,77.10
540,MAA-JAI,Chennai,Jaipur,2023-12-09,141,B737,185,144,316501,18182,Domestic,12.99,80.17,26.82,75.81
541,CCU-JAI,Kolkata,Jaipur,2024-02-29,185,ATR72,64,63,223843,19468,Domestic,22.65,88.45,26.82,75.81
542,JAI-AMD,Jaipur,Ahmedabad,2024-07-24,119,ATR72,64,40,104991,16898,Domestic,26.82,75.81,23.08,72.63
543,HYD-BLR,Hyderabad,Bengaluru,2024-05-25,216,B787,237,195,594075,21172,Domestic,17.24,78.43,13.20,77.71
544,PNQ-CCU,Pune,Kolkata,2023-07-01,105,A320,184,143,391543,13300,Domestic,18.58,73.92,22.65,88.45
545,GOI-PNQ,Goa,Pune,2024-04-02,201,B787,245,200,674948,16421,Domestic,15.38,73.83,18.58,73.92
546,PNQ-SIN,Pune,Singapore,2023-03-05,744,A321,223,149,2687944,117782,International,18.58,73.92,1.36,103.99
547,PNQ-DEL,Pune,Delhi,2023-09-17,171,ATR72,63,30,73802,12641,Domestic,18.58,73.92,28.56,77.10
548,HYD-JAI,Hyderabad,Jaipur,2023-07-12,237,A320,179,154,480016,23724,Domestic,17.24,78.43,26.82,75.81
549,AMD-MAA,Ahmedabad,Chennai,2024-10-16,75,A321,225,199,460514,14890,Domestic,23.08,72.63,12.99,80.17
550,AMD-DXB,Ahmedabad,Dubai,2024-09-07,776,A321,220,89,1882482,123092,International,23.08,72.63,25.25,55.37
